aaref,aaalt
M,L
M,V
M,K
M,T
M,R
M,I
K,Q
K,E
K,X
K,T
K,R
K,M
K,N
.,.
V,I
V,L
V,E
V,A
V,G
T,P
T,A
T,S
T,N
T,I
A,T
A,P
A,S
A,E
A,G
A,V
E,K
E,Q
E,X
E,A
E,G
E,V
E,D
A,D
I,L
I,V
I,F
I,N
I,T
I,S
I,M
S,T
S,P
S,A
S,Y
S,C
S,F
W,R
W,G
W,X
W,S
W,L
W,C
N,H
N,D
N,Y
N,T
N,S
N,I
N,K
S,X
S,L
T,K
T,R
T,M
S,R
S,G
S,N
S,I
V,M
F,I
F,L
F,V
F,Y
F,S
F,C
L,M
L,V
L,Q
L,P
L,R
G,S
G,R
G,C
G,D
G,A
G,V
L,I
L,F
L,H
D,N
D,H
D,Y
D,A
D,G
D,V
D,E
Q,K
Q,E
Q,X
Q,P
Q,R
Q,L
Q,H
L,X
L,S
L,W
Y,N
Y,H
Y,D
Y,S
Y,C
Y,F
Y,X
G,X
G,E
V,F
V,D
I,K
I,R
H,N
H,D
H,Y
H,P
H,R
H,L
H,Q
P,T
P,A
P,S
P,H
P,R
P,L
R,S
R,G
R,C
R,H
R,P
R,L
K,I
C,S
C,R
C,G
C,Y
C,F
C,X
C,W
G,W
R,X
R,K
R,T
R,I
S,W
R,W
R,M
P,Q
X,K
X,Q
X,E
X,S
X,W
X,L
X,Y
R,Q
X,R
X,G
X,C
M,G
M,A
M,E
U,R
U,G
U,X
U,S
U,L
U,C
U,W
M,P
M,Q
M,S
M,N
M,F
M,X
M,W
M,Y
M,D
M,H
